Time,Cmax
0.0,107.43
0.01,105.81
0.02,105.81
0.03,105.71
0.04,104.54
0.05,104.3
0.06,104.2
0.07,104.18
0.09,104.18
0.1,104.18
0.11,104.07
0.12,104.07
0.13,104.07
0.14,103.91
0.15,103.91
0.16,103.86
0.17,103.86
0.18,103.86
0.19,103.84
0.2,103.84
0.21,103.84
0.22,103.84
0.23,103.84
0.24,103.84
0.26,103.84
0.27,103.84
0.28,103.84
0.29,103.84
0.3,103.84
0.31,103.84
0.32,103.84
0.33,103.84
0.34,103.84
0.35,103.84
0.36,103.84
0.37,103.84
0.38,103.84
0.39,103.84
0.4,103.84
0.41,103.84
0.42,103.84
0.43,103.84
0.44,103.84
0.45,103.84
0.46,103.84
0.48,103.84
0.49,103.84
0.5,103.84
0.51,103.84
0.52,103.84
0.53,103.84
0.54,103.69
0.55,103.69
0.56,103.69
0.57,103.69
0.58,103.69
0.59,103.69
0.6,103.69
0.61,103.69
0.62,103.61
0.63,103.61
0.65,103.61
0.66,103.44
0.67,103.44
0.68,103.44
0.69,103.44
0.7,103.44
0.71,103.44
0.72,103.44
0.74,103.44
0.75,103.44
0.77,103.44
0.78,103.44
0.79,103.44
0.81,103.44
0.82,103.44
0.83,103.44
0.84,103.44
0.85,103.44
0.86,103.44
0.87,103.44
0.88,103.44
0.89,103.44
0.9,103.35
0.91,103.35
0.92,103.35
0.93,103.35
0.94,103.35
0.95,103.35
0.96,103.33
0.97,103.33
0.98,103.33
1.0,103.33
1.01,103.33
1.02,103.33
1.03,103.33
1.04,103.33
1.05,103.33
1.06,103.33
1.07,103.33
1.08,103.33
1.09,103.33
1.1,103.33
1.11,103.33
1.12,103.33
1.13,103.33
1.14,103.33
1.16,103.33
1.17,103.33
1.18,103.33
1.19,103.33
1.2,103.33
1.21,103.33
1.22,103.33
1.23,103.33
1.24,103.33
1.25,103.33
1.26,103.33
1.27,103.33
1.28,103.33
1.29,103.33
1.3,103.33
1.31,103.33
1.32,103.33
1.33,103.33
1.34,103.33
1.36,103.33
1.37,103.33
1.38,103.33
1.39,103.33
1.4,103.33
1.41,103.33
1.42,103.33
1.43,103.33
1.44,103.33
1.45,103.33
1.46,103.33
1.47,103.33
1.48,103.33
1.49,103.33
1.5,103.33
1.51,103.33
1.52,103.33
1.53,103.33
1.54,103.33
1.55,103.33
1.56,103.33
1.58,103.33
1.59,103.33
1.6,103.33
1.61,103.33
1.62,103.33
1.63,103.33
1.64,103.33
1.65,103.33
1.66,103.33
1.68,103.33
1.69,103.33
1.7,103.33
1.71,103.32
1.72,103.32
1.74,103.32
1.75,103.32
1.76,103.32
1.77,103.32
1.78,103.32
1.81,103.32
1.82,103.32
1.83,103.32
1.84,103.32
1.85,103.32
1.87,103.32
1.88,103.32
1.89,103.32
1.9,103.32
1.91,103.32
1.92,103.32
1.93,103.32
1.94,103.32
1.95,103.32
1.97,103.32
1.98,103.32
1.99,103.32
2.0,103.32
2.01,103.32
2.02,103.32
2.03,103.32
2.04,103.32
2.05,103.32
2.06,103.32
2.07,103.32
2.09,103.32
2.1,103.32
2.11,103.32
2.12,103.32
2.13,103.32
2.14,103.32
2.15,103.32
2.16,103.32
2.17,103.32
2.18,103.32
2.19,103.32
2.2,103.32
2.21,103.32
2.23,103.32
2.24,103.32
2.25,103.32
2.26,103.32
2.27,103.32
2.28,103.32
2.29,103.32
2.3,103.32
2.31,103.32
2.32,103.32
2.33,103.32
2.34,103.32
2.35,103.32
2.36,103.32
2.37,103.32
2.38,103.32
2.39,103.32
2.4,103.32
2.41,103.32
2.43,103.32
2.44,103.32
2.45,103.32
2.46,103.32
2.47,103.32
2.48,103.32
2.49,103.32
2.5,103.32
2.51,103.32
2.52,103.32
2.53,103.32
2.54,103.32
2.55,103.32
2.56,103.32
2.57,103.32
2.58,103.32
2.59,103.32
2.6,103.32
2.62,103.32
2.63,103.32
2.64,103.32
2.65,103.32
2.66,103.32
2.67,103.32
2.68,103.32
2.69,103.32
2.7,103.32
2.72,103.32
2.73,103.32
2.74,103.32
2.75,103.32
2.76,103.32
2.77,103.32
2.78,103.32
2.8,103.32
2.81,103.32
2.82,103.32
2.84,103.32
2.85,103.32
2.87,103.32
2.88,103.32
2.89,103.32
2.9,103.32
2.91,103.32
2.92,103.32
2.93,103.32
2.94,103.32
2.95,103.32
2.96,103.32
2.97,103.32
2.98,103.32
3.0,103.32
3.01,103.32
3.02,103.32
3.03,103.32
3.04,103.32
3.05,103.32
3.06,103.32
3.07,103.32
3.08,103.32
3.09,103.32
3.1,103.32
3.11,103.32
3.12,103.32
3.13,103.32
3.14,103.32
3.15,103.32
3.16,103.32
3.18,103.32
3.19,103.32
3.2,103.32
3.21,103.32
3.22,103.32
3.23,103.32
3.24,103.32
3.25,103.32
3.26,103.32
3.28,103.32
3.29,103.32
3.3,103.32
3.31,103.32
3.32,103.32
3.33,103.32
3.34,103.32
3.35,103.32
3.36,103.32
3.37,103.32
3.39,103.32
3.4,103.32
3.41,103.32
3.42,103.32
3.44,103.32
3.45,103.32
3.46,103.32
3.47,103.32
3.48,103.32
3.49,103.32
3.5,103.32
3.51,103.32
3.53,103.32
3.54,103.32
3.55,103.32
3.56,103.32
3.57,103.32
3.59,103.32
3.6,103.32
3.63,103.32
3.67,103.32
3.69,103.32
3.7,103.32
3.71,103.32
3.75,103.32
3.76,103.32
3.77,103.32
3.78,103.32
3.79,103.32
3.8,103.32
3.81,103.32
3.82,103.32
3.83,103.32
3.85,103.32
3.86,103.32
3.87,103.32
3.88,103.32
3.89,103.32
3.9,103.32
3.91,103.32
3.92,103.32
3.93,103.32
3.94,103.32
3.95,103.32
3.96,103.32
3.97,103.32
3.98,103.32
3.99,103.32
4.0,103.32
4.01,103.32
4.02,103.32
4.03,103.32
4.04,103.32
4.06,103.32
4.07,103.32
4.08,103.32
4.09,103.32
4.11,103.32
4.12,103.32
4.13,103.32
4.14,103.32
4.15,103.32
4.16,103.32
4.17,103.32
4.18,103.32
4.19,103.32
4.2,103.32
4.22,103.32
4.23,103.32
4.24,103.32
4.25,103.32
4.26,103.32
4.27,103.32
4.28,103.32
4.3,103.32
4.31,103.32
4.33,103.32
4.34,103.32
4.38,103.32
4.42,103.32
4.44,103.32
4.45,103.32
4.46,103.32
4.47,103.32
4.48,103.32
4.49,103.32
4.51,103.32
4.52,103.32
4.53,103.32
4.54,103.32
4.55,103.32
4.56,103.32
4.57,103.32
4.58,103.32
4.6,103.32
4.61,103.32
4.62,103.32
4.63,103.32
4.64,103.32
4.65,103.32
4.66,103.32
4.67,103.32
4.68,103.32
4.69,103.32
4.7,103.32
4.71,103.32
4.72,103.32
4.73,103.32
4.74,103.32
4.76,103.32
4.77,103.32
4.78,103.32
4.79,103.32
4.8,103.32
4.81,103.32
4.82,103.32
4.83,103.32
4.84,103.32
4.85,103.32
4.86,103.32
4.87,103.32
4.88,103.32
4.89,103.32
4.9,103.32
4.91,103.32
4.92,103.32
4.93,103.32
4.95,103.32
4.96,103.32
4.97,103.32
4.98,103.32
4.99,103.32
5.01,103.32
5.02,103.32
5.03,103.32
5.05,103.32
5.06,103.32
5.07,103.32
5.09,103.32
5.1,103.32
5.11,103.32
5.12,103.32
5.13,103.32
5.14,103.32
5.15,103.32
5.16,103.32
5.17,103.32
5.18,103.32
5.19,103.32
5.2,103.32
5.21,103.32
5.23,103.32
5.24,103.32
5.25,103.32
5.26,103.32
5.27,103.32
5.28,103.32
5.29,103.32
5.3,103.32
5.31,103.32
5.32,103.32
5.33,103.32
5.34,103.32
5.35,103.32
5.36,103.32
5.37,103.32
5.38,103.32
5.39,103.32
5.4,103.32
5.42,103.32
5.43,103.32
5.44,103.32
5.45,103.32
5.46,103.32
5.47,103.32
5.48,103.28
5.49,103.28
5.5,103.28
5.51,103.28
5.52,103.28
5.53,103.27
5.54,103.27
5.55,103.27
5.56,103.27
5.57,103.27
5.59,103.27
5.6,103.27
5.61,103.27
5.62,103.27
5.63,103.27
5.64,103.27
5.65,103.27
5.66,103.27
5.67,103.27
5.68,103.27
5.69,103.27
5.7,103.27
5.71,103.27
5.73,103.27
5.74,103.27
5.75,103.27
5.76,103.27
5.77,103.27
5.78,103.23
5.79,103.23
5.8,103.23
5.81,103.23
5.82,103.23
5.83,103.23
5.85,103.23
5.86,103.23
5.87,103.23
5.88,103.23
5.89,103.23
5.9,103.23
5.91,103.23
5.92,103.23
5.93,103.23
5.94,103.23
5.95,103.23
5.96,103.23
5.97,103.23
5.98,103.23
5.99,103.23
6.0,103.23
6.01,103.23
6.02,103.23
6.04,103.23
6.05,103.23
6.06,103.23
6.07,103.23
6.08,103.23
6.09,103.23
6.1,103.23
6.11,103.23
6.12,103.23
6.13,103.23
6.14,103.23
6.15,103.23
6.16,103.23
6.17,103.23
6.18,103.23
6.19,103.23
6.21,103.23
6.22,103.23
6.23,103.23
6.24,103.23
6.25,103.23
6.26,103.23
6.27,103.23
6.28,103.23
6.29,103.23
6.3,103.23
6.31,103.23
6.32,103.23
6.33,103.23
6.34,103.23
6.35,103.23
6.36,103.23
6.37,103.23
6.38,103.23
6.39,103.23
6.4,103.23
6.41,103.23
6.42,103.23
6.43,103.23
6.44,103.23
6.45,103.23
6.46,103.23
6.47,103.23
6.48,103.23
6.49,103.23
6.5,103.23
6.51,103.23
6.52,103.23
6.53,103.23
6.54,103.23
6.55,103.23
6.56,103.23
6.57,103.23
6.58,103.23
6.59,103.23
6.6,103.23
6.61,103.23
6.62,103.23
6.63,103.23
6.64,103.23
6.66,103.23
6.67,103.23
6.68,103.23
6.69,103.23
6.7,103.23
6.71,103.23
6.72,103.23
6.73,103.23
6.74,103.23
6.75,103.23
6.76,103.23
6.77,103.23
6.78,103.23
6.79,103.23
6.8,103.23
6.81,103.23
6.82,103.23
6.83,103.23
6.84,103.23
6.85,103.23
6.86,103.23
6.87,103.23
6.88,103.23
6.89,103.23
6.9,103.23
6.91,103.23
6.92,103.23
6.93,103.23
6.94,103.23
6.95,103.23
6.96,103.23
6.97,103.23
6.98,103.23
6.99,103.23
7.0,103.23
7.01,103.23
7.02,103.23
7.03,103.23
7.04,103.23
7.05,103.23
7.07,103.23
7.08,103.23
7.09,103.23
7.1,103.23
7.11,103.23
7.12,103.23
7.13,103.23
7.14,103.23
7.15,103.23
7.16,103.23
7.17,103.23
7.18,103.23
7.19,103.23
7.2,103.23
7.21,103.23
7.22,103.23
7.23,103.23
7.24,103.23
7.25,103.23
7.26,103.23
7.27,103.23
7.28,103.23
7.29,103.23
7.3,103.23
7.31,103.23
7.32,103.23
7.33,103.23
7.34,103.23
7.35,103.23
7.36,103.23
7.37,103.23
7.39,103.23
7.4,103.23
7.41,103.23
7.42,103.23
7.43,103.23
7.44,103.23
7.45,103.23
7.46,103.23
7.47,103.23
7.48,103.23
7.49,103.23
7.5,103.23
7.51,103.23
7.52,103.23
7.53,103.23
7.54,103.23
7.55,103.23
7.56,103.23
7.57,103.23
7.58,103.23
7.59,103.23
7.6,103.23
7.61,103.23
7.62,103.23
7.63,103.23
7.64,103.23
7.65,103.23
7.66,103.23
7.67,103.23
7.68,103.23
7.69,103.23
7.7,103.23
7.71,103.23
7.72,103.23
7.73,103.23
7.74,103.23
7.76,103.23
7.77,103.23
7.78,103.23
7.79,103.23
7.8,103.23
7.81,103.23
7.82,103.23
7.83,103.23
7.84,103.23
7.85,103.23
7.86,103.23
7.87,103.23
7.88,103.23
7.89,103.23
7.9,103.23
7.91,103.23
7.92,103.23
7.93,103.23
7.94,103.23
7.95,103.23
7.96,103.23
7.97,103.23
7.98,103.23
7.99,103.23
8.0,103.23
8.01,103.23
8.02,103.23
8.03,103.23
8.04,103.23
8.05,103.23
8.06,103.23
8.07,103.23
8.08,103.23
8.09,103.23
8.1,103.23
8.11,103.23
8.12,103.23
8.13,103.23
8.14,103.23
8.15,103.23
8.16,103.23
8.18,103.23
8.19,103.23
8.2,103.23
8.21,103.23
8.22,103.23
8.23,103.23
8.24,103.23
8.25,103.23
8.26,103.23
8.27,103.23
8.28,103.23
8.29,103.23
8.3,103.23
8.31,103.23
8.32,103.23
8.33,103.23
8.34,103.23
8.37,103.23
8.38,103.23
8.4,103.23
8.41,103.23
8.42,103.23
8.43,103.23
8.44,103.23
8.47,103.23
8.49,103.23
8.5,103.23
8.51,103.23
8.52,103.23
8.53,103.23
8.54,103.23
8.55,103.23
8.56,103.23
8.57,103.23
8.58,103.23
8.59,103.23
8.6,103.23
8.61,103.23
8.62,103.23
8.63,103.23
8.64,103.23
8.65,103.23
8.66,103.23
8.67,103.23
8.68,103.23
8.7,103.23
8.71,103.23
8.72,103.23
8.73,103.23
8.74,103.22
8.75,103.22
8.76,103.22
8.77,103.22
8.78,103.22
8.79,103.22
8.8,103.22
8.81,103.22
8.83,103.22
8.84,103.22
8.85,103.22
8.86,103.22
8.87,103.22
8.88,103.22
8.89,103.22
8.9,103.22
8.91,103.22
8.92,103.22
8.93,103.22
8.94,103.22
8.95,103.22
8.96,103.22
8.98,103.22
8.99,103.22
9.0,103.22
9.01,103.22
9.02,103.22
9.03,103.22
9.04,103.22
9.05,103.22
9.06,103.22
9.07,103.22
9.08,103.22
9.09,103.22
9.1,103.22
9.12,103.22
9.13,103.22
9.14,103.22
9.15,103.22
9.16,103.22
9.17,103.22
9.18,103.22
9.2,103.22
9.21,103.22
9.23,103.22
9.24,103.22
9.29,103.22
9.32,103.22
9.34,103.22
9.35,103.22
9.36,103.22
9.37,103.22
9.38,103.22
9.39,103.2
9.4,103.2
9.41,103.2
9.42,103.2
9.43,103.2
9.44,103.2
9.45,103.2
9.47,103.2
9.48,103.2
9.49,103.2
9.5,103.2
9.51,103.2
9.52,103.2
9.53,103.2
9.54,103.2
9.55,103.2
9.56,103.2
9.57,103.2
9.58,103.2
9.59,103.2
9.6,103.2
9.61,103.2
9.62,103.2
9.63,103.2
9.64,103.2
9.65,103.2
9.66,103.2
9.68,103.2
9.69,103.2
9.7,103.2
9.71,103.2
9.72,103.2
9.73,103.2
9.75,103.2
9.77,103.2
9.79,103.2
9.8,103.2
9.81,103.2
9.82,103.2
9.83,103.2
9.87,103.2
9.88,103.2
9.89,103.2
9.9,103.2
9.92,103.2
9.93,103.2
9.94,103.2
9.95,103.2
9.96,103.2
9.97,103.2
9.98,103.2
9.99,103.2
10.0,103.2
10.01,103.2
10.02,103.2
10.03,103.2
10.04,103.2
10.05,103.2
10.07,103.2
10.08,103.2
10.09,103.2
10.1,103.2
10.11,103.2
10.12,103.2
10.13,103.2
10.14,103.2
10.15,103.2
10.16,103.2
10.17,103.2
10.18,103.2
10.19,103.2
10.2,103.2
10.21,103.2
10.22,103.2
10.23,103.2
10.25,103.2
10.26,103.2
10.27,103.2
10.28,103.2
10.29,103.2
10.3,103.2
10.31,103.2
10.32,103.2
10.33,103.2
10.35,103.2
10.36,103.2
10.38,103.2
10.4,103.2
10.41,103.2
10.42,103.2
10.43,103.2
10.44,103.2
10.45,103.2
10.46,103.2
10.47,103.2
10.48,103.2
10.49,103.2
10.5,103.2
10.51,103.2
10.52,103.2
10.53,103.2
10.54,103.2
10.55,103.2
10.57,103.2
10.58,103.2
10.59,103.2
10.6,103.2
10.61,103.2
10.62,103.2
10.63,103.2
10.64,103.2
10.65,103.2
10.66,103.2
10.67,103.2
10.68,103.2
10.69,103.2
10.7,103.2
10.71,103.2
10.73,103.2
10.74,103.2
10.75,103.2
10.76,103.2
10.77,103.2
10.78,103.2
10.79,103.2
10.8,103.2
10.81,103.2
10.82,103.2
10.83,103.2
10.84,103.2
10.85,103.2
10.86,103.2
10.88,103.2
10.89,103.2
10.9,103.2
10.91,103.2
10.92,103.2
10.94,103.2
10.95,103.2
10.96,103.2
10.97,103.2
10.98,103.2
10.99,103.2
11.0,103.2
11.01,103.2
11.02,103.2
11.03,103.2
11.04,103.2
11.05,103.2
11.07,103.2
11.08,103.2
11.09,103.2
11.1,103.2
11.11,103.2
11.12,103.2
11.13,103.2
11.14,103.2
11.15,103.2
11.16,103.2
11.17,103.2
11.18,103.2
11.19,103.2
11.2,103.2
11.21,103.2
11.22,103.2
11.23,103.2
11.24,103.2
11.26,103.2
11.27,103.2
11.28,103.2
11.29,103.2
11.3,103.2
11.31,103.2
11.32,103.2
11.33,103.2
11.35,103.2
11.37,103.2
11.38,103.2
11.39,103.2
11.4,103.2
11.41,103.2
11.42,103.2
11.43,103.2
11.44,103.2
11.45,103.2
11.46,103.2
11.47,103.2
11.48,103.2
11.49,103.2
11.5,103.2
11.51,103.2
11.52,103.2
11.53,103.2
11.54,103.2
11.56,103.2
11.57,103.2
11.58,103.2
11.59,103.2
11.6,103.2
11.61,103.2
11.62,103.2
11.63,103.2
11.64,103.2
11.65,103.2
11.66,103.2
11.68,103.2
11.69,103.2
11.7,103.2
11.71,103.2
11.72,103.2
11.73,103.2
11.74,103.2
11.75,103.2
11.76,103.2
11.77,103.2
11.78,103.2
11.79,103.2
11.8,103.2
11.81,103.2
11.82,103.2
11.84,103.2
11.85,103.2
11.86,103.2
11.87,103.2
11.88,103.2
11.89,103.2
11.9,103.2
11.91,103.2
11.92,103.2
11.93,103.2
11.94,103.2
11.95,103.2
11.96,103.2
11.97,103.2
11.98,103.2
11.99,103.2
12.0,103.2
12.02,103.2
12.03,103.2
12.04,103.2
12.05,103.2
12.06,103.2
12.07,103.2
12.08,103.2
12.09,103.2
12.1,103.2
12.11,103.2
12.12,103.2
12.13,103.2
12.14,103.2
12.15,103.2
12.17,103.2
12.18,103.2
12.19,103.2
12.2,103.2
12.21,103.2
12.22,103.2
12.23,103.2
12.24,103.2
12.25,103.2
12.26,103.2
12.27,103.2
12.28,103.2
12.29,103.2
12.3,103.2
12.31,103.2
12.32,103.2
12.33,103.2
12.34,103.2
12.35,103.2
12.37,103.2
12.38,103.2
12.39,103.2
12.4,103.2
12.41,103.2
12.42,103.2
12.43,103.2
12.44,103.2
12.46,103.2
12.48,103.2
12.49,103.2
12.5,103.2
12.51,103.2
12.53,103.2
12.54,103.2
12.55,103.2
12.56,103.2
12.57,103.2
12.58,103.2
12.59,103.2
12.6,103.2
12.61,103.2
12.62,103.2
12.63,103.2
12.64,103.2
12.65,103.2
12.66,103.2
12.67,103.2
12.68,103.2
12.7,103.2
12.71,103.2
12.72,103.2
12.73,103.2
12.74,103.2
12.75,103.2
12.76,103.2
12.77,103.2
12.78,103.2
12.79,103.2
12.8,103.2
12.81,103.2
12.82,103.2
12.83,103.2
12.84,103.2
12.85,103.2
12.86,103.2
12.87,103.2
12.88,103.2
12.9,103.2
12.91,103.2
12.92,103.2
12.93,103.2
12.94,103.2
12.95,103.2
12.96,103.2
12.97,103.2
12.98,103.2
12.99,103.2
13.0,103.2
13.01,103.2
13.02,103.2
13.03,103.2
13.04,103.2
13.06,103.2
13.07,103.2
13.08,103.2
13.09,103.2
13.11,103.2
13.12,103.2
13.13,103.2
13.14,103.2
13.15,103.2
13.17,103.2
13.18,103.2
13.19,103.2
13.2,103.2
13.21,103.2
13.22,103.2
13.23,103.2
13.24,103.2
13.25,103.2
13.26,103.2
13.27,103.2
13.28,103.2
13.29,103.2
13.3,103.2
13.31,103.2
13.33,103.2
13.34,103.2
13.35,103.2
13.36,103.2
13.37,103.2
13.38,103.2
13.39,103.2
13.4,103.2
13.41,103.2
13.42,103.2
13.43,103.2
13.44,103.2
13.45,103.2
13.46,103.2
13.47,103.2
13.48,103.2
13.5,103.2
13.51,103.2
13.52,103.2
13.54,103.2
13.55,103.2
13.56,103.2
13.57,103.2
13.58,103.2
13.59,103.2
13.61,103.2
13.62,103.2
13.63,103.2
13.64,103.2
13.65,103.2
13.66,103.2
13.67,103.2
13.68,103.2
13.69,103.2
13.7,103.2
13.71,103.2
13.72,103.2
13.73,103.2
13.74,103.2
13.75,103.2
13.76,103.2
13.77,103.2
13.79,103.2
13.8,103.2
13.81,103.2
13.82,103.2
13.83,103.2
13.84,103.2
13.85,103.2
13.86,103.2
13.87,103.2
13.88,103.2
13.89,103.2
13.9,103.2
13.91,103.2
13.93,103.2
13.94,103.2
13.95,103.2
13.96,103.2
13.97,103.2
13.98,103.2
13.99,103.2
14.0,103.2
14.01,103.2
14.02,103.2
14.03,103.2
14.05,103.2
14.06,103.2
14.07,103.2
14.08,103.2
14.09,103.2
14.1,103.2
14.11,103.2
14.12,103.2
14.13,103.2
14.15,103.2
14.16,103.2
14.17,103.2
14.18,103.2
14.19,103.2
14.2,103.2
14.21,103.2
14.22,103.2
14.23,103.2
14.24,103.2
14.26,103.2
14.27,103.2
14.28,103.2
14.29,103.2
14.3,103.2
14.31,103.2
14.32,103.2
14.33,103.2
14.34,103.2
14.35,103.2
14.36,103.2
14.37,103.2
14.38,103.2
14.39,103.2
14.4,103.2
14.41,103.2
14.42,103.2
14.43,103.2
14.44,103.2
14.45,103.2
14.46,103.2
14.47,103.2
14.48,103.2
14.5,103.2
14.51,103.2
14.52,103.2
14.53,103.2
14.54,103.2
14.55,103.2
14.56,103.2
14.57,103.2
14.58,103.2
14.59,103.2
14.6,103.2
14.61,103.2
14.62,103.2
14.63,103.2
14.64,103.2
14.65,103.2
14.66,103.2
14.67,103.2
14.68,103.2
14.69,103.2
14.7,103.2
14.71,103.2
14.72,103.2
14.73,103.2
14.74,103.2
14.75,103.2
14.76,103.2
14.77,103.2
14.78,103.2
14.79,103.2
14.8,103.2
14.81,103.2
14.83,103.2
14.84,103.2
14.85,103.2
14.86,103.2
14.87,103.2
14.88,103.2
14.89,103.2
14.91,103.2
14.92,103.2
14.93,103.2
14.94,103.2
14.95,103.2
14.96,103.2
14.97,103.2
14.98,103.2
14.99,103.2
15.0,103.2
15.01,103.2
15.02,103.2
15.03,103.2
15.04,103.2
15.05,103.2
15.06,103.2
15.07,103.2
15.09,103.2
15.1,103.2
15.11,103.2
15.12,103.2
15.13,103.2
15.14,103.2
15.15,103.2
15.16,103.2
15.17,103.2
15.18,103.2
15.19,103.2
15.2,103.2
15.21,103.2
15.22,103.2
15.23,103.2
15.24,103.2
15.25,103.2
15.26,103.2
15.27,103.2
15.28,103.2
15.29,103.2
15.3,103.2
15.31,103.2
15.32,103.2
15.33,103.2
15.34,103.2
15.35,103.2
15.36,103.2
15.37,103.2
15.38,103.2
15.39,103.2
15.4,103.2
15.41,103.2
15.42,103.2
15.43,103.2
15.44,103.2
15.45,103.2
15.46,103.2
15.47,103.2
15.48,103.2
15.49,103.2
15.5,103.2
15.52,103.2
15.53,103.2
15.54,103.2
15.55,103.2
15.56,103.2
15.57,103.2
15.58,103.2
15.59,103.2
15.6,103.2
15.61,103.2
15.62,103.2
15.63,103.2
15.64,103.2
15.66,103.2
15.67,103.2
15.69,103.2
15.7,103.2
15.71,103.2
15.72,103.2
15.73,103.2
15.74,103.2
15.75,103.2
15.76,103.2
15.78,103.2
15.79,103.2
15.8,103.2
15.81,103.2
15.82,103.2
15.83,103.2
15.84,103.2
15.85,103.2
15.86,103.2
15.87,103.2
15.88,103.2
15.89,103.2
15.9,103.2
15.91,103.2
15.92,103.2
15.93,103.2
15.94,103.2
15.95,103.2
15.96,103.2
15.98,103.2
15.99,103.2
16.0,103.2
16.01,103.2
16.02,103.2
16.04,103.2
16.06,103.2
16.07,103.2
16.09,103.2
16.1,103.2
16.12,103.2
16.14,103.2
16.15,103.2
16.17,103.2
16.18,103.2
16.2,103.2
16.21,103.2
16.22,103.2
16.23,103.2
16.25,103.2
16.26,103.2
16.28,103.2
16.29,103.2
16.31,103.2
16.33,103.2
16.34,103.2
16.36,103.2
16.37,103.2
16.39,103.2
16.41,103.2
16.42,103.2
16.44,103.2
16.45,103.2
16.47,103.2
16.49,103.2
16.5,103.2
16.52,103.2
16.53,103.2
16.55,103.2
16.57,103.2
16.58,103.2
16.6,103.2
16.61,103.2
16.63,103.2
16.65,103.2
16.66,103.2
16.68,103.2
16.69,103.2
16.71,103.2
16.72,103.2
16.74,103.2
16.76,103.2
16.77,103.2
16.79,103.2
16.8,103.2
16.82,103.2
16.84,103.2
16.85,103.2
16.87,103.2
16.88,103.2
16.89,103.2
16.9,103.2
16.91,103.2
16.92,103.2
16.93,103.2
16.95,103.2
16.96,103.2
16.98,103.2
17.0,103.2
17.01,103.2
17.03,103.2
17.04,103.2
17.06,103.2
17.08,103.2
17.09,103.2
17.11,103.2
17.12,103.2
17.14,103.2
17.16,103.2
17.17,103.2
17.19,103.2
17.2,103.2
17.22,103.2
17.24,103.2
17.25,103.2
17.27,103.2
17.28,103.2
17.3,103.2
17.31,103.2
17.33,103.2
17.35,103.2
17.36,103.2
17.38,103.2
17.39,103.2
17.41,103.2
17.43,103.2
17.44,103.2
17.46,103.2
17.47,103.2
17.49,103.2
17.51,103.2
17.52,103.2
17.54,103.2
17.55,103.2
17.57,103.2
17.58,103.2
17.6,103.2
17.62,103.2
17.63,103.2
17.65,103.2
17.66,103.2
17.68,103.2
17.7,103.2
17.71,103.2
17.73,103.2
17.74,103.2
17.76,103.2
17.78,103.2
17.79,103.2
17.81,103.2
17.82,103.2
17.84,103.2
17.86,103.2
17.87,103.2
17.89,103.2
17.9,103.2
17.92,103.2
17.94,103.2
17.95,103.2
17.97,103.2
17.98,103.2
18.0,103.2
18.02,103.2
18.03,103.2
18.05,103.2
18.06,103.2
18.08,103.2
18.09,103.2
18.11,103.2
18.13,103.2
18.14,103.2
18.16,103.2
18.17,103.2
18.19,103.2
18.21,103.2
18.22,103.2
18.24,103.2
18.25,103.2
18.27,103.2
18.29,103.2
18.3,103.2
18.32,103.2
18.33,103.2
18.35,103.2
18.37,103.2
18.38,103.2
18.4,103.2
18.41,103.2
18.43,103.2
18.45,103.2
18.46,103.2
18.48,103.2
18.49,103.2
18.51,103.2
18.53,103.2
18.54,103.2
18.56,103.2
18.57,103.2
18.59,103.2
18.6,103.2
18.62,103.2
18.64,103.2
18.65,103.2
18.67,103.2
18.68,103.2
18.7,103.2
18.72,103.2
18.73,103.2
18.75,103.2
18.76,103.2
18.78,103.2
18.8,103.2
18.81,103.2
18.83,103.2
18.84,103.2
18.86,103.2
18.88,103.2
18.89,103.2
18.91,103.2
18.92,103.2
18.94,103.2
18.95,103.2
18.97,103.2
18.99,103.2
19.0,103.2
19.02,103.2
19.03,103.2
19.05,103.2
19.07,103.2
19.08,103.2
19.1,103.2
19.11,103.2
19.13,103.2
19.15,103.2
19.16,103.2
19.18,103.2
19.19,103.2
19.21,103.2
19.23,103.2
19.24,103.2
19.26,103.2
19.27,103.2
19.29,103.2
19.31,103.2
19.32,103.2
19.34,103.2
19.35,103.2
19.37,103.2
19.39,103.2
19.4,103.2
19.42,103.2
19.43,103.2
19.45,103.2
19.46,103.2
19.48,103.2
19.5,103.2
19.51,103.2
19.53,103.2
19.54,103.2
19.56,103.2
19.58,103.2
19.59,103.2
19.61,103.2
19.62,103.2
19.64,103.2
19.66,103.2
19.67,103.2
19.69,103.2
19.7,103.2
19.72,103.2
19.74,103.2
19.75,103.2
19.77,103.2
19.78,103.2
19.8,103.2
19.82,103.2
19.83,103.2
19.85,103.2
19.86,103.2
19.88,103.2
19.89,103.2
19.91,103.2
19.93,103.2
19.94,103.2
19.96,103.2
19.98,103.2
19.99,103.2
20.01,103.2
20.02,103.2
20.04,103.2
20.05,103.2
20.07,103.2
20.09,103.2
20.1,103.2
20.12,103.2
20.13,103.2
20.15,103.2
20.17,103.2
20.18,103.2
20.2,103.2
20.21,103.2
20.23,103.2
20.25,103.2
20.26,103.2
20.28,103.2
20.29,103.2
20.31,103.2
20.33,103.2
20.34,103.2
20.36,103.2
20.37,103.2
20.39,103.2
20.41,103.2
20.42,103.2
20.44,103.2
20.45,103.2
20.47,103.2
20.49,103.2
20.5,103.2
20.52,103.2
20.53,103.2
20.55,103.2
20.56,103.2
20.58,103.2
20.6,103.2
20.61,103.2
20.63,103.2
20.64,103.2
20.66,103.2
20.68,103.2
20.69,103.2
20.71,103.2
20.72,103.2
20.74,103.2
20.76,103.2
20.77,103.2
20.79,103.2
20.8,103.2
20.82,103.2
20.84,103.2
20.85,103.2
20.87,103.2
20.88,103.2
20.9,103.2
20.92,103.2
20.93,103.2
20.95,103.2
20.96,103.2
20.98,103.2
21.0,103.2
21.01,103.2
21.03,103.2
21.04,103.2
21.06,103.2
21.08,103.2
21.09,103.2
21.11,103.2
21.12,103.2
21.14,103.2
21.16,103.2
21.17,103.2
21.19,103.2
21.2,103.2
21.22,103.2
21.23,103.2
21.25,103.2
21.27,103.2
21.28,103.2
21.3,103.2
21.31,103.2
21.33,103.2
21.35,103.2
21.36,103.2
21.38,103.2
21.39,103.2
21.41,103.2
21.43,103.2
21.44,103.2
21.46,103.2
21.47,103.2
21.49,103.2
21.51,103.2
21.52,103.2
21.54,103.2
21.55,103.2
21.57,103.2
21.59,103.2
21.6,103.2
21.62,103.2
21.63,103.2
21.65,103.2
21.66,103.2
21.68,103.2
21.7,103.2
21.71,103.2
21.73,103.2
21.74,103.2
21.76,103.2
21.78,103.2
21.79,103.2
21.81,103.2
21.82,103.2
21.84,103.2
21.86,103.2
21.87,103.2
21.89,103.2
21.9,103.2
21.92,103.2
21.94,103.2
21.95,103.2
21.97,103.2
21.98,103.2
22.0,103.2
22.02,103.2
22.03,103.2
22.05,103.2
22.06,103.2
22.08,103.2
22.1,103.2
22.11,103.2
22.13,103.2
22.14,103.2
22.16,103.2
22.18,103.2
22.19,103.2
22.21,103.2
22.22,103.2
22.24,103.2
22.25,103.2
22.27,103.2
22.29,103.2
22.3,103.2
22.32,103.2
22.33,103.2
22.35,103.2
22.37,103.2
22.38,103.2
22.4,103.2
22.41,103.2
22.43,103.2
22.45,103.2
22.46,103.2
22.48,103.2
22.49,103.2
22.51,103.2
22.53,103.2
22.54,103.2
22.56,103.2
22.57,103.2
22.59,103.2
22.6,103.2
22.62,103.2
22.64,103.2
22.65,103.2
22.67,103.2
22.68,103.2
22.7,103.2
22.72,103.2
22.73,103.2
22.75,103.2
22.76,103.2
22.78,103.2
22.8,103.2
22.81,103.2
22.83,103.2
22.84,103.2
22.86,103.2
22.88,103.2
22.89,103.2
22.91,103.2
22.92,103.2
22.94,103.2
22.95,103.2
22.97,103.2
22.99,103.2
23.0,103.2
23.02,103.2
23.03,103.2
23.05,103.2
23.07,103.2
23.08,103.2
23.1,103.2
23.11,103.2
23.13,103.2
23.15,103.2
23.16,103.2
23.18,103.2
23.19,103.2
23.21,103.2
23.23,103.2
23.24,103.2
23.26,103.2
23.27,103.2
23.29,103.2
23.31,103.2
23.32,103.2
23.34,103.2
23.35,103.2
23.37,103.2
23.38,103.2
23.4,103.2
23.42,103.2
23.43,103.2
23.45,103.2
23.46,103.2
23.48,103.2
23.5,103.2
23.51,103.2
23.53,103.2
23.54,103.2
23.56,103.2
23.58,103.2
23.59,103.2
23.61,103.2
23.62,103.2
23.64,103.2
23.66,103.2
23.67,103.2
23.69,103.2
23.7,103.2
23.72,103.2
23.74,103.2
23.75,103.2
23.77,103.2
23.78,103.2
23.8,103.2
23.82,103.2
23.83,103.2
23.85,103.2
23.86,103.2
23.88,103.2
23.9,103.2
23.91,103.2
23.93,103.2
23.94,103.2
23.96,103.2
23.97,103.2
23.99,103.2
24.01,103.2
24.02,103.2
24.04,103.2
24.05,103.2
24.07,103.2
24.09,103.2
24.1,103.2
24.12,103.2
24.13,103.2
24.15,103.2
24.17,103.2
24.18,103.2
24.2,103.2
24.21,103.2
24.23,103.2
24.25,103.2
24.26,103.2
24.28,103.2
24.29,103.2
24.31,103.2
24.33,103.2
24.34,103.2
24.36,103.2
24.37,103.2
24.39,103.2
24.41,103.2
24.42,103.2
24.44,103.2
24.45,103.2
24.47,103.2
24.49,103.2
24.5,103.2
24.52,103.2
24.53,103.2
24.55,103.2
24.57,103.2
24.58,103.2
24.6,103.2
24.61,103.2
24.63,103.2
24.65,103.2
24.66,103.2
24.68,103.2
24.69,103.2
24.71,103.2
24.73,103.2
24.74,103.2
24.76,103.2
24.77,103.2
24.79,103.2
24.81,103.2
24.82,103.2
24.84,103.2
24.85,103.2
24.87,103.2
24.88,103.2
24.9,103.2
24.92,103.2
24.93,103.2
24.95,103.2
24.96,103.2
24.98,103.2
25.0,103.2
25.01,103.2
25.03,103.2
25.04,103.2
25.06,103.2
25.08,103.2
25.09,103.2
25.11,103.2
25.12,103.2
25.14,103.2
25.16,103.2
25.17,103.2
25.19,103.2
25.2,103.2
25.22,103.2
25.24,103.2
25.25,103.2
25.27,103.2
25.28,103.2
25.3,103.2
25.31,103.2
25.33,103.2
25.35,103.2
25.36,103.2
25.38,103.2
25.39,103.2
25.41,103.2
25.43,103.2
25.44,103.2
25.46,103.2
25.47,103.2
25.49,103.2
25.51,103.2
25.52,103.2
25.54,103.2
25.55,103.2
25.57,103.2
25.59,103.2
25.6,103.2
25.62,103.2
25.63,103.2
25.65,103.2
25.67,103.2
25.68,103.2
25.7,103.2
25.71,103.2
25.73,103.2
25.74,103.2
25.76,103.2
25.78,103.2
25.79,103.2
25.81,103.2
25.82,103.2
25.84,103.2
25.86,103.2
25.87,103.2
25.89,103.2
25.9,103.2
25.92,103.2
25.94,103.2
25.95,103.2
25.97,103.2
25.98,103.2
26.0,103.2
26.01,103.2
26.02,103.2
26.03,103.2
26.04,103.2
26.06,103.2
26.07,103.2
26.08,103.2
26.09,103.2
26.1,103.2
26.11,103.2
26.13,103.2
26.14,103.2
26.15,103.2
26.17,103.2
26.19,103.2
26.21,103.2
26.22,103.2
26.24,103.2
26.25,103.2
26.27,103.2
26.29,103.2
26.3,103.2
26.32,103.2
26.33,103.2
26.35,103.2
26.37,103.2
26.38,103.2
26.4,103.2
26.41,103.2
26.43,103.2
26.45,103.2
26.46,103.2
26.47,103.2
26.48,103.2
26.51,103.2
26.52,103.2
26.54,103.2
26.55,103.2
26.57,103.2
26.59,103.2
26.6,103.2
26.61,103.2
26.64,103.2
26.65,103.2
26.67,103.2
26.68,103.2
26.7,103.2
26.72,103.2
26.73,103.2
26.75,103.2
26.76,103.2
26.78,103.2
26.8,103.2
26.83,103.2
26.84,103.2
26.86,103.2
26.87,103.2
26.89,103.2
26.9,103.2
26.91,103.2
26.94,103.2
26.95,103.2
26.97,103.2
26.99,103.2
27.0,103.2
27.02,103.2
27.03,103.2
27.05,103.2
27.06,103.2
27.08,103.2
27.1,103.2
27.11,103.2
27.12,103.2
27.14,103.2
27.16,103.2
27.18,103.2
27.19,103.2
27.21,103.2
27.22,103.2
27.24,103.2
27.26,103.2
27.27,103.2
27.29,103.2
27.3,103.2
27.32,103.2
27.34,103.2
27.35,103.2
27.37,103.2
27.38,103.2
27.4,103.2
27.42,103.2
27.43,103.2
27.45,103.2
27.46,103.2
27.48,103.2
27.5,103.2
27.51,103.2
27.53,103.2
27.54,103.2
27.56,103.2
27.58,103.2
27.59,103.2
27.61,103.2
27.62,103.2
27.64,103.2
27.66,103.2
27.67,103.2
27.69,103.2
27.7,103.2
27.72,103.2
27.73,103.2
27.75,103.2
27.77,103.2
27.78,103.2
27.8,103.2
27.81,103.2
27.83,103.2
27.85,103.2
27.86,103.2
27.88,103.2
27.9,103.2
27.91,103.2
27.93,103.2
27.94,103.2
27.96,103.2
27.98,103.2
27.99,103.2
28.01,103.2
28.02,103.2
28.04,103.2
28.05,103.2
28.07,103.2
28.09,103.2
28.1,103.2
28.12,103.2
28.13,103.2
28.15,103.2
28.17,103.2
28.18,103.2
28.2,103.2
28.21,103.2
28.23,103.2
28.25,103.2
28.26,103.2
28.28,103.2
28.29,103.2
28.31,103.2
28.33,103.2
28.34,103.2
28.36,103.2
28.37,103.2
28.39,103.2
28.4,103.2
28.42,103.2
28.44,103.2
28.45,103.2
28.47,103.2
28.48,103.2
28.5,103.2
28.52,103.2
28.53,103.2
28.55,103.2
28.56,103.2
28.58,103.2
28.6,103.2
28.61,103.2
28.63,103.2
28.64,103.2
28.66,103.2
28.67,103.2
28.69,103.2
28.71,103.2
28.72,103.2
28.74,103.2
28.75,103.2
28.77,103.2
28.79,103.2
28.8,103.2
28.82,103.2
28.83,103.2
28.85,103.2
28.87,103.2
28.88,103.2
28.9,103.2
28.91,103.2
28.93,103.2
28.95,103.2
28.96,103.2
28.98,103.2
28.99,103.2
29.01,103.2
29.03,103.2
29.04,103.2
29.06,103.2
29.07,103.2
29.09,103.2
29.11,103.2
29.12,103.2
29.14,103.2
29.15,103.2
29.17,103.2
29.19,103.2
29.2,103.2
29.22,103.2
29.23,103.2
29.25,103.2
29.27,103.2
29.28,103.2
29.3,103.2
29.31,103.2
29.33,103.2
29.35,103.2
29.36,103.2
29.38,103.2
29.39,103.2
29.41,103.2
29.42,103.2
29.44,103.2
29.46,103.2
29.47,103.2
29.49,103.2
29.5,103.2
29.52,103.2
29.54,103.2
29.55,103.2
29.57,103.2
29.58,103.2
29.6,103.2
29.62,103.2
29.63,103.2
29.65,103.2
29.66,103.2
29.68,103.2
29.7,103.2
29.71,103.2
29.73,103.2
29.74,103.2
29.76,103.2
29.78,103.2
29.79,103.2
29.81,103.2
29.82,103.2
29.84,103.2
29.85,103.2
29.87,103.2
29.89,103.2
29.9,103.2
29.92,103.2
29.93,103.2
29.95,103.2
29.97,103.2
29.98,103.2
30.0,103.2
30.01,103.2
30.03,103.2
30.05,103.2
30.06,103.2
30.08,103.2
30.09,103.2
30.11,103.2
30.12,103.2
30.14,103.2
30.16,103.2
30.17,103.2
30.19,103.2
30.2,103.2
30.22,103.2
30.24,103.2
30.25,103.2
30.27,103.2
30.28,103.2
30.3,103.2
30.32,103.2
30.33,103.2
30.35,103.2
30.36,103.2
30.38,103.2
30.4,103.2
30.41,103.2
30.43,103.2
30.44,103.2
30.46,103.2
30.48,103.2
30.49,103.2
30.51,103.2
30.52,103.2
30.54,103.2
30.56,103.2
30.57,103.2
30.59,103.2
30.6,103.2
30.62,103.2
30.64,103.2
30.65,103.2
30.67,103.2
30.68,103.2
30.7,103.2
30.72,103.2
30.73,103.2
30.75,103.2
30.76,103.2
30.78,103.2
30.8,103.2
30.81,103.2
30.83,103.2
30.84,103.2
30.86,103.2
30.88,103.2
30.89,103.2
30.91,103.2
30.92,103.2
30.94,103.2
30.96,103.2
30.97,103.2
30.99,103.2
31.0,103.2
31.02,103.2
31.03,103.2
31.05,103.2
31.07,103.2
31.08,103.2
31.1,103.2
31.11,103.2
31.13,103.2
31.15,103.2
31.16,103.2
31.18,103.2
31.19,103.2
31.21,103.2
31.23,103.2
31.24,103.2
31.26,103.2
31.27,103.2
31.29,103.2
31.31,103.2
31.32,103.2
31.34,103.2
31.35,103.2
31.37,103.2
31.38,103.2
31.4,103.2
31.42,103.2
31.43,103.2
31.45,103.2
31.46,103.2
31.48,103.2
31.5,103.2
31.51,103.2
31.53,103.2
31.54,103.2
31.56,103.2
31.58,103.2
31.59,103.2
31.61,103.2
31.62,103.2
31.64,103.2
31.66,103.2
31.67,103.2
31.69,103.2
31.7,103.2
31.72,103.2
31.74,103.2
31.75,103.2
31.77,103.2
31.78,103.2
31.8,103.2
31.82,103.2
31.83,103.2
31.85,103.2
31.86,103.2
31.88,103.2
31.9,103.2
31.91,103.2
31.93,103.2
31.94,103.2
31.96,103.2
31.97,103.2
31.99,103.2
32.01,103.2
32.02,103.2
32.04,103.2
32.05,103.2
32.07,103.2
32.09,103.2
32.1,103.2
32.12,103.2
32.13,103.2
32.15,103.2
32.17,103.2
32.18,103.2
32.2,103.2
32.21,103.2
32.23,103.2
32.25,103.2
32.26,103.2
32.28,103.2
32.29,103.2
32.31,103.2
32.33,103.2
32.34,103.2
32.36,103.2
32.37,103.2
32.39,103.2
32.41,103.2
32.42,103.2
32.44,103.2
32.45,103.2
32.47,103.2
32.49,103.2
32.5,103.2
32.52,103.2
32.53,103.2
32.55,103.2
32.57,103.2
32.58,103.2
32.6,103.2
32.61,103.2
32.63,103.2
32.64,103.2
32.66,103.2
32.68,103.2
32.69,103.2
32.71,103.2
32.72,103.2
32.74,103.2
32.76,103.2
32.77,103.2
32.79,103.2
32.8,103.2
32.82,103.2
32.84,103.2
32.85,103.2
32.87,103.2
32.88,103.2
32.9,103.2
32.92,103.2
32.93,103.2
32.95,103.2
32.96,103.2
32.98,103.2
33.0,103.2
33.01,103.2
33.03,103.2
33.04,103.2
33.06,103.2
33.08,103.2
33.09,103.2
33.11,103.2
33.12,103.2
33.14,103.2
33.16,103.2
33.17,103.2
33.19,103.2
33.2,103.2
33.22,103.2
33.24,103.2
33.25,103.2
33.27,103.2
33.28,103.2
33.3,103.2
33.32,103.2
33.33,103.2
33.35,103.2
33.36,103.2
33.38,103.2
33.39,103.2
33.41,103.2
33.43,103.2
33.44,103.2
33.46,103.2
33.47,103.2
33.49,103.2
33.51,103.2
33.52,103.2
33.54,103.2
33.55,103.2
33.57,103.2
33.59,103.2
33.6,103.2
33.62,103.2
33.63,103.2
33.65,103.2
33.67,103.2
33.68,103.2
33.7,103.2
33.71,103.2
33.73,103.2
33.75,103.2
33.76,103.2
33.78,103.2
33.79,103.2
33.81,103.2
33.83,103.2
33.84,103.2
33.86,103.2
33.87,103.2
33.89,103.2
33.91,103.2
33.92,103.2
33.94,103.2
33.95,103.2
33.97,103.2
33.99,103.2
34.0,103.2
34.02,103.2
34.03,103.2
34.05,103.2
34.06,103.2
34.08,103.2
34.1,103.2
34.11,103.2
34.13,103.2
34.14,103.2
34.16,103.2
34.18,103.2
34.19,103.2
34.21,103.2
34.22,103.2
34.24,103.2
34.26,103.2
34.27,103.2
34.29,103.2
34.3,103.2
34.32,103.2
34.34,103.2
34.35,103.2
34.37,103.2
34.38,103.2
34.4,103.2
34.42,103.2
34.43,103.2
34.45,103.2
34.46,103.2
34.48,103.2
34.5,103.2
34.51,103.2
34.53,103.2
34.54,103.2
34.56,103.2
34.58,103.2
34.59,103.2
34.61,103.2
34.62,103.2
34.64,103.2
34.66,103.2
34.67,103.2
34.69,103.2
34.7,103.2
34.72,103.2
34.74,103.2
34.75,103.2
34.77,103.2
34.78,103.2
34.8,103.2
34.82,103.2
34.83,103.2
34.85,103.2
34.86,103.2
34.88,103.2
34.9,103.2
34.91,103.2
34.93,103.2
34.94,103.2
34.96,103.2
34.98,103.2
34.99,103.2
35.01,103.2
35.02,103.2
35.04,103.2
35.05,103.2
35.07,103.2
35.09,103.2
35.1,103.2
35.12,103.2
35.13,103.2
35.15,103.2
35.17,103.2
35.18,103.2
35.2,103.2
35.21,103.2
35.23,103.2
35.25,103.2
35.26,103.2
35.28,103.2
35.29,103.2
35.31,103.2
35.33,103.2
35.34,103.2
35.36,103.2
35.37,103.2
35.39,103.2
35.41,103.2
35.42,103.2
35.44,103.2
35.45,103.2
35.47,103.2
35.49,103.2
35.5,103.2
35.52,103.2
35.53,103.2
35.55,103.2
35.57,103.2
35.58,103.2
35.6,103.2
35.61,103.2
35.63,103.2
35.65,103.2
35.66,103.2
35.68,103.2
35.69,103.2
35.71,103.2
35.73,103.2
35.74,103.2
35.76,103.2
35.77,103.2
35.79,103.2
35.81,103.2
35.82,103.2
35.84,103.2
35.85,103.2
35.87,103.2
35.88,103.2
35.9,103.2
35.92,103.2
35.93,103.2
35.95,103.2
35.96,103.2
35.98,103.2
36.0,103.2
36.01,103.2
36.03,103.2
36.04,103.2
36.06,103.2
36.08,103.2
36.09,103.2
36.11,103.2
36.12,103.2
36.14,103.2
36.16,103.2
36.17,103.2
36.19,103.2
36.2,103.2
36.22,103.2
36.24,103.2
36.25,103.2
36.27,103.2
36.28,103.2
36.3,103.2
36.31,103.2
36.33,103.2
36.34,103.2
36.35,103.2
36.36,103.2
36.37,103.2
36.38,103.2
36.4,103.2
36.41,103.2
36.42,103.2
36.43,103.2
36.45,103.2
36.46,103.2
36.47,103.2
36.5,103.2
36.51,103.2
36.53,103.2
36.54,103.2
36.55,103.2
36.57,103.2
36.59,103.2
36.6,103.2
36.61,103.2
36.64,103.2
36.65,103.2
36.67,103.2
36.69,103.2
36.7,103.2
36.72,103.2
36.74,103.2
36.76,103.2
36.78,103.2
36.79,103.2
36.82,103.2
36.83,103.2
36.85,103.2
36.86,103.2
36.87,103.2
36.89,103.2
36.9,103.2
36.91,103.2
36.93,103.2
36.94,103.2
36.96,103.2
36.98,103.2
36.99,103.2
37.01,103.2
37.02,103.2
37.04,103.2
37.05,103.2
37.07,103.2
37.09,103.2
37.1,103.2
37.12,103.2
37.13,103.2
37.15,103.2
37.17,103.2
37.18,103.2
37.2,103.2
37.21,103.2
37.23,103.2
37.25,103.2
37.26,103.2
37.28,103.2
37.29,103.2
37.31,103.2
37.33,103.2
37.34,103.2
37.36,103.2
37.37,103.2
37.39,103.2
37.41,103.2
37.42,103.2
37.44,103.2
37.45,103.2
37.47,103.2
37.49,103.2
37.5,103.2
37.52,103.2
37.53,103.2
37.55,103.2
37.57,103.2
37.58,103.2
37.6,103.2
37.61,103.2
37.63,103.2
37.65,103.2
37.66,103.2
37.68,103.2
37.69,103.2
37.71,103.2
37.73,103.2
37.74,103.2
37.76,103.2
37.77,103.2
37.79,103.2
37.8,103.2
37.82,103.2
37.84,103.2
37.85,103.2
37.87,103.2
37.88,103.2
37.9,103.2
37.92,103.2
37.93,103.2
37.95,103.2
37.96,103.2
37.98,103.2
38.0,103.2
38.01,103.2
38.03,103.2
38.04,103.2
38.06,103.2
38.08,103.2
38.09,103.2
38.11,103.2
38.12,103.2
38.14,103.2
38.16,103.2
38.17,103.2
38.19,103.2
38.2,103.2
38.22,103.2
38.24,103.2
38.25,103.2
38.27,103.2
38.28,103.2
38.3,103.2
38.31,103.2
38.33,103.2
38.35,103.2
38.36,103.2
38.38,103.2
38.39,103.2
38.41,103.2
38.43,103.2
38.44,103.2
38.46,103.2
38.48,103.2
38.49,103.2
38.51,103.2
38.52,103.2
38.54,103.2
38.55,103.2
38.57,103.2
38.59,103.2
38.6,103.2
38.62,103.2
38.63,103.2
38.65,103.2
38.67,103.2
38.68,103.2
38.7,103.2
38.71,103.2
38.73,103.2
38.74,103.2
38.76,103.2
38.78,103.2
38.79,103.2
38.81,103.2
38.82,103.2
38.84,103.2
38.86,103.2
38.87,103.2
38.89,103.2
38.9,103.2
38.92,103.2
38.94,103.2
38.95,103.2
38.97,103.2
38.98,103.2
39.0,103.2
39.02,103.2
39.03,103.2
39.05,103.2
39.06,103.2
39.08,103.2
39.1,103.2
39.11,103.2
39.13,103.2
39.14,103.2
39.16,103.2
39.18,103.2
39.19,103.2
39.21,103.2
39.22,103.2
39.24,103.2
39.25,103.2
39.27,103.2
39.29,103.2
39.3,103.2
39.32,103.2
39.33,103.2
39.35,103.2
39.37,103.2
39.38,103.2
39.4,103.2
39.41,103.2
39.43,103.2
39.45,103.2
39.46,103.2
39.48,103.2
39.49,103.2
39.51,103.2
39.53,103.2
39.54,103.2
39.56,103.2
39.57,103.2
39.59,103.2
39.6,103.2
39.62,103.2
39.64,103.2
39.65,103.2
39.67,103.2
39.68,103.2
39.7,103.2
39.72,103.2
39.73,103.2
39.75,103.2
39.77,103.2
39.78,103.2
39.8,103.2
39.81,103.2
39.83,103.2
39.85,103.2
39.86,103.2
39.88,103.2
39.89,103.2
39.91,103.2
39.92,103.2
39.94,103.2
39.96,103.2
39.97,103.2
39.99,103.2
40.0,103.2
40.02,103.2
40.04,103.2
40.05,103.2
40.07,103.2
40.08,103.2
40.1,103.2
40.12,103.2
40.13,103.2
40.15,103.2
40.16,103.2
40.18,103.2
40.2,103.2
40.21,103.2
40.23,103.2
40.24,103.2
40.26,103.2
40.28,103.2
40.29,103.2
40.31,103.2
40.32,103.2
40.34,103.2
40.36,103.2
40.37,103.2
40.39,103.2
40.4,103.2
40.42,103.2
40.44,103.2
40.45,103.2
40.47,103.2
40.48,103.2
40.5,103.2
40.51,103.2
40.53,103.2
40.55,103.2
40.56,103.2
40.58,103.2
40.59,103.2
40.61,103.2
40.63,103.2
40.64,103.2
40.66,103.2
40.67,103.2
40.69,103.2
40.71,103.2
40.72,103.2
40.74,103.2
40.75,103.2
40.77,103.2
40.78,103.2
40.8,103.2
40.82,103.2
40.83,103.2
40.85,103.2
40.86,103.2
40.88,103.2
40.9,103.2
40.91,103.2
40.93,103.2
40.94,103.2
40.96,103.2
40.98,103.2
40.99,103.2
41.01,103.2
41.02,103.2
41.04,103.2
41.05,103.2
41.07,103.2
41.09,103.2
41.1,103.2
41.12,103.2
41.14,103.2
41.15,103.2
41.17,103.2
41.18,103.2
41.2,103.2
41.21,103.2
41.23,103.2
41.25,103.2
41.26,103.2
41.27,103.2
41.29,103.2
41.31,103.2
41.33,103.2
41.34,103.2
41.36,103.2
41.37,103.2
41.39,103.2
41.4,103.2
41.42,103.2
41.43,103.2
41.45,103.2
41.47,103.2
41.48,103.2
41.5,103.2
41.52,103.2
41.53,103.2
41.54,103.2
41.55,103.2
41.56,103.2
41.58,103.2
41.6,103.2
41.63,103.2
41.64,103.2
41.66,103.2
41.67,103.2
41.68,103.2
41.69,103.2
41.7,103.2
41.72,103.2
41.78,103.2
41.83,103.2
41.86,103.2
41.88,103.2
41.89,103.2
41.9,103.2
41.92,103.2
41.96,103.2
41.98,103.2
42.02,103.2
42.05,103.2
42.07,103.2
42.09,103.2
42.11,103.2
42.13,103.2
42.14,103.2
42.16,103.2
42.17,103.2
42.18,103.2
42.19,103.2
42.21,103.2
42.22,103.2
42.24,103.2
42.25,103.2
42.27,103.2
42.29,103.2
42.3,103.2
42.32,103.2
42.34,103.2
42.35,103.2
42.37,103.2
42.38,103.2
42.39,103.2
42.42,103.2
42.43,103.2
42.45,103.2
42.46,103.2
42.48,103.2
42.49,103.2
42.51,103.2
42.53,103.2
42.54,103.2
42.56,103.2
42.57,103.2
42.59,103.2
42.61,103.2
42.62,103.2
42.64,103.2
42.65,103.2
42.67,103.2
42.69,103.2
42.7,103.2
42.72,103.2
42.73,103.2
42.75,103.2
42.77,103.2
42.78,103.2
42.8,103.2
42.81,103.2
42.83,103.2
42.85,103.2
42.86,103.2
42.88,103.2
42.89,103.2
42.91,103.2
42.93,103.2
42.94,103.2
42.96,103.2
42.97,103.2
42.99,103.2
43.01,103.2
43.02,103.2
43.04,103.2
43.05,103.2
43.07,103.2
43.09,103.2
43.1,103.2
43.12,103.2
43.13,103.2
43.15,103.2
43.17,103.2
43.18,103.2
43.2,103.2
43.21,103.2
43.23,103.2
43.25,103.2
43.26,103.2
43.28,103.2
43.29,103.2
43.31,103.2
43.33,103.2
43.34,103.2
43.36,103.2
43.37,103.2
43.39,103.2
43.41,103.2
43.42,103.2
43.44,103.2
43.45,103.2
43.47,103.2
43.48,103.2
43.5,103.2
43.52,103.2
43.53,103.2
43.55,103.2
43.56,103.2
43.58,103.2
43.6,103.2
43.61,103.2
43.63,103.2
43.64,103.2
43.66,103.2
43.68,103.2
43.69,103.2
43.71,103.2
43.72,103.2
43.74,103.2
43.76,103.2
43.77,103.2
43.79,103.2
43.8,103.2
43.82,103.2
43.84,103.2
43.85,103.2
43.87,103.2
43.88,103.2
43.9,103.2
43.92,103.2
43.93,103.2
43.95,103.2
43.96,103.2
43.98,103.2
44.0,103.2
44.01,103.2
44.03,103.2
44.04,103.2
44.06,103.2
44.07,103.2
44.09,103.2
44.11,103.2
44.12,103.2
44.14,103.2
44.15,103.2
44.17,103.2
44.19,103.2
44.2,103.2
44.22,103.2
44.23,103.2
44.25,103.2
44.27,103.2
44.28,103.2
44.3,103.2
44.31,103.2
44.33,103.2
44.34,103.2
44.36,103.2
44.38,103.2
44.39,103.2
44.41,103.2
44.42,103.2
44.44,103.2
44.46,103.2
44.47,103.2
44.49,103.2
44.5,103.2
44.52,103.2
44.54,103.2
44.55,103.2
44.57,103.2
44.58,103.2
44.6,103.2
44.62,103.2
44.63,103.2
44.65,103.2
44.66,103.2
44.68,103.2
44.69,103.2
44.71,103.2
44.73,103.2
44.74,103.2
44.76,103.2
44.77,103.2
44.79,103.2
44.81,103.2
44.82,103.2
44.84,103.2
44.85,103.2
44.87,103.2
44.89,103.2
44.9,103.2
44.92,103.2
44.93,103.2
44.95,103.2
44.96,103.2
44.98,103.2
45.0,103.2
45.01,103.2
45.03,103.2
45.04,103.2
45.06,103.2
45.08,103.2
45.09,103.2
45.11,103.2
45.12,103.2
45.14,103.2
45.16,103.2
45.17,103.2
45.19,103.2
45.2,103.2
45.22,103.2
45.24,103.2
45.25,103.2
45.27,103.2
45.28,103.2
45.3,103.2
45.32,103.2
45.33,103.2
45.35,103.2
45.36,103.2
45.38,103.2
45.4,103.2
45.41,103.2
45.43,103.2
45.44,103.2
45.46,103.2
45.48,103.2
45.49,103.2
45.51,103.2
45.52,103.2
45.54,103.2
45.56,103.2
45.57,103.2
45.59,103.2
45.6,103.2
45.62,103.2
45.64,103.2
45.65,103.2
45.67,103.2
45.68,103.2
45.7,103.2
45.72,103.2
45.73,103.2
45.75,103.2
45.76,103.2
45.78,103.2
45.8,103.2
45.81,103.2
45.83,103.2
45.84,103.2
45.86,103.2
45.88,103.2
45.89,103.2
45.91,103.2
45.92,103.2
45.94,103.2
45.95,103.2
45.97,103.2
45.99,103.2
46.0,103.2
46.02,103.2
46.04,103.2
46.05,103.2
46.07,103.2
46.08,103.2
46.1,103.2
46.11,103.2
46.13,103.2
46.15,103.2
46.16,103.2
46.18,103.2
46.19,103.2
46.21,103.2
46.23,103.2
46.24,103.2
46.26,103.2
46.27,103.2
46.29,103.2
46.31,103.2
46.32,103.2
46.34,103.2
46.35,103.2
46.37,103.2
46.39,103.2
46.4,103.2
46.42,103.2
46.43,103.2
46.45,103.2
46.47,103.2
46.48,103.2
46.5,103.2
46.51,103.2
46.53,103.2
46.55,103.2
46.56,103.2
46.58,103.2
46.59,103.2
46.61,103.2
46.63,103.2
46.64,103.2
46.66,103.2
46.67,103.2
46.69,103.2
46.7,103.2
46.72,103.2
46.74,103.2
46.75,103.2
46.77,103.2
46.78,103.2
46.8,103.2
46.82,103.2
46.83,103.2
46.85,103.2
46.86,103.2
46.88,103.2
46.9,103.2
46.91,103.2
46.93,103.2
46.94,103.2
46.96,103.2
46.98,103.2
46.99,103.2
47.01,103.2
47.02,103.2
47.04,103.2
47.06,103.2
47.07,103.2
47.09,103.2
47.1,103.2
47.12,103.2
47.14,103.2
47.15,103.2
47.17,103.2
47.18,103.2
47.2,103.2
47.22,103.2
47.23,103.2
47.25,103.2
47.26,103.2
47.28,103.2
47.3,103.2
47.31,103.2
47.33,103.2
47.34,103.2
47.36,103.2
47.38,103.2
47.39,103.2
47.41,103.2
47.42,103.2
47.44,103.2
47.46,103.2
47.47,103.2
47.49,103.2
47.5,103.2
47.52,103.2
47.53,103.2
47.55,103.2
47.57,103.2
47.58,103.2
47.6,103.2
47.61,103.2
47.63,103.2
47.65,103.2
47.66,103.2
47.68,103.2
47.69,103.2
47.71,103.2
47.73,103.2
47.74,103.2
47.76,103.2
47.77,103.2
47.79,103.2
47.81,103.2
47.82,103.2
47.84,103.2
47.85,103.2
47.87,103.2
47.89,103.2
47.9,103.2
47.92,103.2
47.93,103.2
47.95,103.2
47.97,103.2
47.98,103.2
48.0,103.2
48.01,103.2
48.03,103.2
48.04,103.2
48.06,103.2
48.08,103.2
48.09,103.2
48.11,103.2
48.12,103.2
48.14,103.2
48.16,103.2
48.17,103.2
48.19,103.2
48.2,103.2
48.22,103.2
48.24,103.2
48.25,103.2
48.27,103.2
48.28,103.2
48.3,103.2
48.32,103.2
48.33,103.2
48.35,103.2
48.36,103.2
48.38,103.2
48.4,103.2
48.41,103.2
48.43,103.2
48.44,103.2
48.46,103.2
48.48,103.2
48.49,103.2
48.51,103.2
48.52,103.2
48.54,103.2
48.55,103.2
48.57,103.2
48.59,103.2
48.6,103.2
48.62,103.2
48.63,103.2
48.65,103.2
48.67,103.2
48.68,103.2
48.7,103.2
48.71,103.2
48.73,103.2
48.75,103.2
48.76,103.2
48.78,103.2
48.79,103.2
48.81,103.2
48.82,103.2
48.84,103.2
48.86,103.2
48.87,103.2
48.89,103.2
48.91,103.2
48.92,103.2
48.94,103.2
48.95,103.2
48.97,103.2
48.99,103.2
49.0,103.2
49.02,103.2
49.03,103.2
49.05,103.2
49.07,103.2
49.08,103.2
49.1,103.2
49.11,103.2
49.13,103.2
49.14,103.2
49.16,103.2
49.18,103.2
49.19,103.2
49.21,103.2
49.22,103.2
49.24,103.2
49.26,103.2
49.27,103.2
49.29,103.2
49.3,103.2
49.32,103.2
49.34,103.2
49.35,103.2
49.37,103.2
49.38,103.2
49.4,103.2
49.42,103.2
49.43,103.2
49.45,103.2
49.46,103.2
49.48,103.2
49.5,103.2
49.51,103.2
49.53,103.2
49.54,103.2
49.56,103.2
49.58,103.2
49.59,103.2
49.61,103.2
49.62,103.2
49.64,103.2
49.66,103.2
49.67,103.2
49.69,103.2
49.7,103.2
49.72,103.2
49.74,103.2
49.75,103.2
49.77,103.2
49.78,103.2
49.8,103.2
49.81,103.2
49.83,103.2
49.85,103.2
49.86,103.2
49.88,103.2
49.89,103.2
49.91,103.2
49.93,103.2
49.94,103.2
49.96,103.2
49.97,103.2
49.99,103.2
50.01,103.2
50.02,103.2
50.04,103.2
50.05,103.2
50.07,103.2
50.09,103.2
50.1,103.2
50.12,103.2
50.13,103.2
50.15,103.2
50.17,103.2
50.18,103.2
50.2,103.2
50.21,103.2
50.23,103.2
50.25,103.2
50.26,103.2
50.28,103.2
50.29,103.2
50.31,103.2
50.33,103.2
50.34,103.2
50.36,103.2
50.37,103.2
50.39,103.2
50.41,103.2
50.42,103.2
50.43,103.2
50.45,103.2
50.47,103.2
50.48,103.2
50.5,103.2
50.51,103.2
50.53,103.2
50.55,103.2
50.56,103.2
50.58,103.2
50.6,103.2
50.61,103.2
50.63,103.2
50.64,103.2
50.66,103.2
50.67,103.2
50.69,103.2
50.71,103.2
50.72,103.2
50.74,103.2
50.75,103.2
50.77,103.2
50.79,103.2
50.8,103.2
50.82,103.2
50.83,103.2
50.85,103.2
50.87,103.2
50.88,103.2
50.9,103.2
50.91,103.2
50.93,103.2
50.95,103.2
50.96,103.2
50.98,103.2
50.99,103.2
51.01,103.2
51.03,103.2
51.04,103.2
51.06,103.2
51.07,103.2
51.09,103.2
51.11,103.2
51.12,103.2
51.14,103.2
51.15,103.2
51.17,103.2
51.19,103.2
51.2,103.2
51.22,103.2
51.23,103.2
51.25,103.2
51.26,103.2
51.28,103.2
51.3,103.2
51.31,103.2
51.33,103.2
51.34,103.2
51.36,103.2
51.38,103.2
51.39,103.2
51.41,103.2
51.42,103.2
51.44,103.2
51.46,103.2
51.47,103.2
51.49,103.2
51.5,103.2
51.52,103.2
51.53,103.2
51.55,103.2
51.57,103.2
51.58,103.2
51.6,103.2
51.61,103.2
51.63,103.2
51.65,103.2
51.66,103.2
51.69,103.2
51.71,103.2
51.73,103.2
51.74,103.2
51.76,103.2
51.77,103.2
51.79,103.2
51.81,103.2
51.82,103.2
51.84,103.2
51.85,103.2
51.87,103.2
51.89,103.2
51.9,103.2
51.92,103.2
51.93,103.2
51.95,103.2
51.97,103.2
51.98,103.2
52.0,103.2
52.01,103.2
52.03,103.2
52.05,103.2
52.06,103.2
52.08,103.2
52.09,103.2
52.11,103.2
52.13,103.2
52.14,103.2
52.16,103.2
52.17,103.2
52.19,103.2
52.21,103.2
52.22,103.2
52.24,103.2
52.25,103.2
52.27,103.2
52.29,103.2
52.3,103.2
52.32,103.2
52.33,103.2
52.35,103.2
52.37,103.2
52.38,103.2
52.4,103.2
52.41,103.2
52.43,103.2
52.45,103.2
52.46,103.2
52.48,103.2
52.49,103.2
52.51,103.2
52.52,103.2
52.54,103.2
52.56,103.2
52.57,103.2
52.59,103.2
52.6,103.2
52.62,103.2
52.64,103.2
52.65,103.2
52.67,103.2
52.68,103.2
52.7,103.2
52.72,103.2
52.73,103.2
52.75,103.2
52.76,103.2
52.78,103.2
52.8,103.2
52.81,103.2
52.83,103.2
52.84,103.2
52.86,103.2
52.88,103.2
52.89,103.2
52.91,103.2
52.92,103.2
52.94,103.2
52.96,103.2
52.97,103.2
52.99,103.2
53.0,103.2
53.02,103.2
53.04,103.2
53.05,103.2
53.07,103.2
53.08,103.2
53.1,103.2
53.12,103.2
53.13,103.2
53.15,103.2
53.16,103.2
53.18,103.2
53.2,103.2
53.21,103.2
53.23,103.2
53.24,103.2
53.26,103.2
53.28,103.2
53.3,103.2
53.32,103.2
53.34,103.2
53.36,103.2
53.37,103.2
53.39,103.2
53.4,103.2
53.42,103.2
53.44,103.2
53.45,103.2
53.47,103.2
53.48,103.2
53.5,103.2
53.51,103.2
53.53,103.2
53.55,103.2
53.56,103.2
53.58,103.2
53.59,103.2
53.61,103.2
53.63,103.2
53.64,103.2
53.66,103.2
53.68,103.2
53.69,103.2
53.71,103.2
53.72,103.2
53.74,103.2
53.76,103.2
53.77,103.2
53.79,103.2
53.8,103.2
53.82,103.2
53.83,103.2
53.85,103.2
53.87,103.2
53.88,103.2
53.9,103.2
53.91,103.2
53.93,103.2
53.95,103.2
53.96,103.2
53.98,103.2
53.99,103.2
54.01,103.2
54.03,103.2
54.04,103.2
54.06,103.2
54.07,103.2
54.09,103.2
54.11,103.2
54.12,103.2
54.14,103.2
54.15,103.2
54.17,103.2
54.19,103.2
54.2,103.2
54.22,103.2
54.23,103.2
54.25,103.2
54.26,103.2
54.27,103.2
54.29,103.2
54.3,103.2
54.31,103.2
54.33,103.2
54.35,103.2
54.36,103.2
54.38,103.2
54.39,103.2
54.41,103.2
54.42,103.2
54.44,103.2
54.46,103.2
54.47,103.2
54.49,103.2
54.5,103.2
54.53,103.2
54.55,103.2
54.57,103.2
54.58,103.2
54.6,103.2
54.62,103.2
54.63,103.2
54.65,103.2
54.66,103.2
54.68,103.2
54.71,103.2
54.73,103.2
54.74,103.2
54.76,103.2
54.78,103.2
54.79,103.2
54.81,103.2
54.82,103.2
54.84,103.2
54.85,103.2
54.87,103.2
54.89,103.2
54.9,103.2
54.92,103.2
54.93,103.2
54.95,103.2
54.97,103.2
54.98,103.2
55.0,103.2
55.01,103.2
55.02,103.2
55.05,103.2
55.06,103.2
55.08,103.2
55.09,103.2
55.11,103.2
55.13,103.2
55.14,103.2
55.16,103.2
55.17,103.2
55.19,103.2
55.21,103.2
55.22,103.2
55.24,103.2
55.25,103.2
55.27,103.2
55.28,103.2
55.3,103.2
55.32,103.2
55.33,103.2
55.35,103.2
55.36,103.2
55.38,103.2
55.4,103.2
55.41,103.2
55.43,103.2
55.44,103.2
55.46,103.2
55.48,103.2
55.49,103.2
55.51,103.2
55.52,103.2
55.54,103.2
55.56,103.2
55.57,103.2
55.59,103.2
55.6,103.2
55.62,103.2
55.64,103.2
55.65,103.2
55.67,103.2
55.68,103.2
55.7,103.2
55.71,103.2
55.73,103.2
55.75,103.2
55.76,103.2
55.78,103.2
55.79,103.2
55.81,103.2
55.83,103.2
55.84,103.2
55.85,103.2
55.86,103.2
55.88,103.2
55.91,103.2
55.92,103.2
55.94,103.2
55.95,103.2
55.97,103.2
55.98,103.2
56.0,103.2
56.02,103.2
56.03,103.2
56.05,103.2
56.06,103.2
56.08,103.2
56.1,103.2
56.11,103.2
56.12,103.2
56.14,103.2
56.16,103.2
56.18,103.2
56.19,103.2
56.21,103.2
56.22,103.2
56.24,103.2
56.26,103.2
56.27,103.2
56.29,103.2
56.3,103.2
56.32,103.2
56.34,103.2
56.35,103.2
56.37,103.2
56.38,103.2
56.4,103.2
56.43,103.2
56.45,103.2
56.46,103.2
56.48,103.2
56.49,103.2
56.5,103.2
56.52,103.2
56.53,103.2
56.54,103.2
56.56,103.2
56.57,103.2
56.58,103.2
56.6,103.2
56.62,103.2
56.64,103.2
56.65,103.2
56.66,103.2
56.67,103.2
56.68,103.2
56.7,103.2
56.71,103.2
56.73,103.2
56.75,103.2
56.76,103.2
56.78,103.2
56.8,103.2
56.81,103.2
56.83,103.2
56.84,103.2
56.86,103.2
56.87,103.2
56.88,103.2
56.89,103.2
56.9,103.2
56.92,103.2
56.93,103.2
56.94,103.2
56.95,103.2
56.96,103.2
56.98,103.2
57.0,103.2
57.02,103.2
57.03,103.2
57.05,103.2
57.06,103.2
57.08,103.2
57.1,103.2
57.11,103.2
57.13,103.2
57.14,103.2
57.16,103.2
57.17,103.2
57.19,103.2
57.21,103.2
57.22,103.2
57.24,103.2
57.25,103.2
57.27,103.2
57.29,103.2
57.3,103.2
57.32,103.2
57.33,103.2
57.34,103.2
57.36,103.2
57.38,103.2
57.4,103.2
57.41,103.2
57.43,103.2
57.45,103.2
57.47,103.2
57.48,103.2
57.49,103.2
57.51,103.2
57.53,103.2
57.54,103.2
57.56,103.2
57.57,103.2
57.59,103.2
57.61,103.2
57.62,103.2
57.64,103.2
57.65,103.2
57.67,103.2
57.68,103.2
57.7,103.2
57.72,103.2
57.73,103.2
57.75,103.2
57.76,103.2
57.78,103.2
57.8,103.2
57.81,103.2
57.83,103.2
57.84,103.2
57.86,103.2
57.88,103.2
57.89,103.2
57.91,103.2
57.93,103.2
57.94,103.2
57.95,103.2
57.96,103.2
57.97,103.2
57.98,103.2
58.0,103.2
58.02,103.2
58.03,103.2
58.05,103.2
58.06,103.2
58.08,103.2
58.1,103.2
58.11,103.2
58.13,103.2
58.15,103.2
58.16,103.2
58.18,103.2
58.19,103.2
58.2,103.2
58.22,103.2
58.24,103.2
58.26,103.2
58.27,103.2
58.28,103.2
58.3,103.2
58.32,103.2
58.33,103.2
58.35,103.2
58.37,103.2
58.38,103.2
58.4,103.2
58.42,103.2
58.45,103.2
58.46,103.2
58.48,103.2
58.49,103.2
58.51,103.2
58.53,103.2
58.54,103.2
58.56,103.2
58.57,103.2
58.6,103.2
58.62,103.2
58.64,103.2
58.65,103.2
58.67,103.2
58.69,103.2
58.7,103.2
58.72,103.2
58.73,103.2
58.75,103.2
58.76,103.2
58.78,103.2
58.8,103.2
58.82,103.2
58.83,103.2
58.86,103.2
58.88,103.2
58.89,103.2
58.91,103.2
58.92,103.2
58.94,103.2
58.95,103.2
58.97,103.2
58.99,103.2
59.0,103.2
59.02,103.2
59.04,103.2
59.05,103.2
59.07,103.2
59.08,103.2
59.1,103.2
59.12,103.2
59.13,103.2
59.15,103.2
59.16,103.2
59.18,103.2
59.2,103.2
59.21,103.2
59.23,103.2
59.24,103.2
59.26,103.2
59.28,103.2
59.29,103.2
59.31,103.2
59.32,103.2
59.34,103.2
59.36,103.2
59.37,103.2
59.39,103.2
59.4,103.2
59.42,103.2
59.43,103.2
59.45,103.2
59.47,103.2
59.48,103.2
59.5,103.2
59.52,103.2
59.53,103.2
59.55,103.2
59.56,103.2
59.58,103.2
59.59,103.2
59.61,103.2
59.62,103.2
59.64,103.2
59.66,103.2
59.69,103.2
59.7,103.2
59.72,103.2
59.74,103.2
59.75,103.2
59.77,103.2
59.78,103.2
59.8,103.2
59.82,103.2
59.83,103.2
59.85,103.2
59.86,103.2
59.88,103.2
59.9,103.2
59.91,103.2
59.93,103.2
59.94,103.2
59.96,103.2
59.98,103.2
59.99,103.2
